scenario,seed,association_mode,config_hash,run_status,geometry_scale_factor_s,derived_range_min_m,derived_range_max_m,derived_nominal_altitude_m,calibration_domain_violation,num_real_targets,num_global_tracks_created,association_accuracy,num_identity_switch_events,has_identity_switch,epoch_level_identity_switches_total,has_epoch_level_identity_switch,same_timestamp_disagreement_occurred,fragmentation_events_total,excess_global_tracks_total,position_rmse_update_m,position_rmse_coasting_m,position_rmse_overall_m,velocity_rmse_update_mps,velocity_rmse_coasting_mps,velocity_rmse_overall_mps,num_samples_update,num_samples_coasting,track_availability_any_active_mean,track_availability_confirmed_mean,mean_nees_6d,mean_nis,num_nis_samples,drop_rate
geometry_inline,3001,position_only,dc2328da,completed,0.6923984912250535,74.57359974916373,95.0,69.23984912250535,False,1,1,1.0,0,False,0,False,False,0,0,0.14796676509609732,0.14798081797069768,0.14797612483662825,0.179459742253001,0.17962246852062622,0.17956813872050748,348,694,1.0,0.9942528735632183,4.387101437087337,5.530732509796758,347,0.0
geometry_inline,3001,full_state,3e628eda,completed,0.6923984912250535,74.57359974916373,95.0,69.23984912250535,False,1,1,1.0,0,False,0,False,False,0,0,0.14796676509609732,0.14798081797069768,0.14797612483662825,0.179459742253001,0.17962246852062622,0.17956813872050748,348,694,1.0,0.9942528735632183,4.387101437087337,5.530732509796758,347,0.0
geometry_inline,3002,position_only,dc2328da,completed,0.6923984912250535,74.57359974916373,95.0,69.23984912250535,False,1,1,1.0,0,False,0,False,False,0,0,0.08059312109469156,0.08070045040797044,0.08066462118421917,0.17135371143683434,0.1715081188476319,0.17145656638676607,348,694,1.0,0.9942528735632183,3.7445379576524505,5.686433148040211,347,0.0
geometry_inline,3002,full_state,3e628eda,completed,0.6923984912250535,74.57359974916373,95.0,69.23984912250535,False,1,1,1.0,0,False,0,False,False,0,0,0.08066155826414008,0.08076893174121098,0.08073308776753282,0.17147435357375784,0.17162906013803234,0.17157740781699307,348,694,1.0,0.9942528735632183,3.7531236318319428,5.6608684137317935,347,0.0
geometry_inline,3003,position_only,dc2328da,completed,0.6923984912250535,74.57359974916373,95.0,69.23984912250535,False,1,1,1.0,0,False,0,False,False,0,0,0.1499005128277247,0.14995912947646142,0.14993955563947933,0.17232184913951012,0.172446395607514,0.17240481044054357,348,694,1.0,0.9942528735632183,6.896410291509195,5.617162135320791,347,0.0
geometry_inline,3003,full_state,3e628eda,completed,0.6923984912250535,74.57359974916373,95.0,69.23984912250535,False,1,1,1.0,0,False,0,False,False,0,0,0.1498913000764798,0.14995060844076066,0.1499308036500314,0.17233356805380992,0.17245651681571383,0.172415464983959,348,694,1.0,0.9942528735632183,6.891040182604172,5.616938099661727,347,0.0
geometry_inline,3004,position_only,dc2328da,completed,0.6923984912250535,74.57359974916373,95.0,69.23984912250535,False,1,1,1.0,0,False,0,False,False,0,0,0.1508160926954955,0.15092490400003722,0.15088857267523254,0.16403381756057095,0.1641836643302271,0.164133634750703,348,694,1.0,0.9942528735632183,4.808877942889546,5.634141237830048,347,0.0
geometry_inline,3004,full_state,3e628eda,completed,0.6923984912250535,74.57359974916373,95.0,69.23984912250535,False,1,1,1.0,0,False,0,False,False,0,0,0.15084040125835113,0.1509492046024177,0.15091287593351574,0.16399295699958646,0.16414306519888683,0.16409294836580793,348,694,1.0,0.9942528735632183,4.80907446883663,5.605168059666118,347,0.0
geometry_inline,3005,position_only,dc2328da,completed,0.6923984912250535,74.57359974916373,95.0,69.23984912250535,False,1,1,1.0,0,False,0,False,False,0,0,0.12022255789434688,0.1200402976073774,0.1201011984073191,0.16216292144414715,0.1621704853603948,0.16216795925485866,348,694,1.0,0.9942528735632183,5.026871623931886,5.6046214103922924,347,0.0
geometry_inline,3005,full_state,3e628eda,completed,0.6923984912250535,74.57359974916373,95.0,69.23984912250535,False,1,1,1.0,0,False,0,False,False,0,0,0.12021517952125972,0.12003332767002486,0.12009409192750242,0.16229538459195134,0.16230300451283305,0.16230045970380474,348,694,1.0,0.9942528735632183,5.030007578301547,5.6038901090320445,347,0.0
geometry_inline,3006,position_only,dc2328da,completed,0.6923984912250535,74.57359974916373,95.0,69.23984912250535,False,1,1,1.0,0,False,0,False,False,0,0,0.11454032656749967,0.11465649978431273,0.11461771414748129,0.15749100057848378,0.1575972006433918,0.15756174063653888,348,694,1.0,0.9942528735632183,3.5217989288794245,5.578778445445597,347,0.0
geometry_inline,3006,full_state,3e628eda,completed,0.6923984912250535,74.57359974916373,95.0,69.23984912250535,False,1,1,1.0,0,False,0,False,False,0,0,0.11447836765694164,0.11459436415701584,0.11455563750609034,0.15710803062949485,0.15719307616188222,0.15716467835760572,348,694,1.0,0.9942528735632183,3.5144910538410405,5.580173722643912,347,0.0
geometry_inline,3007,position_only,dc2328da,completed,0.6923984912250535,74.57359974916373,95.0,69.23984912250535,False,1,1,1.0,0,False,0,False,False,0,0,0.11209109383821914,0.1121852778322924,0.11215383170569836,0.1607224888704433,0.16072901941917792,0.16072683842089658,348,694,1.0,0.9942528735632183,3.410451841135198,5.795482811235224,347,0.0
geometry_inline,3007,full_state,3e628eda,completed,0.6923984912250535,74.57359974916373,95.0,69.23984912250535,False,1,1,1.0,0,False,0,False,False,0,0,0.11209197892465614,0.11218616711213321,0.11215471958576866,0.16057527265894944,0.16058138213876516,0.16057934176252886,348,694,1.0,0.9942528735632183,3.410338966251277,5.7744502247770395,347,0.0
geometry_inline,3008,position_only,dc2328da,completed,0.6923984912250535,74.57359974916373,95.0,69.23984912250535,False,1,1,1.0,0,False,0,False,False,0,0,0.1817146312627988,0.18194699338217887,0.18186942369570933,0.1554974964916901,0.15521350340264867,0.1553084072186749,348,694,1.0,0.9942528735632183,4.792923360107053,5.506006247416814,347,0.0
geometry_inline,3008,full_state,3e628eda,completed,0.6923984912250535,74.57359974916373,95.0,69.23984912250535,False,1,1,1.0,0,False,0,False,False,0,0,0.18169977671580834,0.18193211765286021,0.18185455503739864,0.15541289173291767,0.155128481037298,0.15522352452435775,348,694,1.0,0.9942528735632183,4.793904988021413,5.505642541100523,347,0.0
geometry_inline,3009,position_only,dc2328da,completed,0.6923984912250535,74.57359974916373,95.0,69.23984912250535,False,1,1,1.0,0,False,0,False,False,0,0,0.12868389692828477,0.12877172907712842,0.12874240216395139,0.16591494285813363,0.16605967876998054,0.16601135489889485,348,694,1.0,0.9942528735632183,4.637074670172478,5.797665260745131,347,0.0
geometry_inline,3009,full_state,3e628eda,completed,0.6923984912250535,74.57359974916373,95.0,69.23984912250535,False,1,1,1.0,0,False,0,False,False,0,0,0.12868389692828477,0.12877172907712842,0.12874240216395139,0.16591494285813363,0.16605967876998054,0.16601135489889485,348,694,1.0,0.9942528735632183,4.637074670172478,5.797665260745131,347,0.0
geometry_inline,3010,position_only,dc2328da,completed,0.6923984912250535,74.57359974916373,95.0,69.23984912250535,False,1,1,1.0,0,False,0,False,False,0,0,0.11098451304472412,0.11082448647779564,0.11087795673794709,0.156055575529127,0.155935388674434,0.15597553815415852,348,694,1.0,0.9942528735632183,3.2153697762419102,5.466652370662658,347,0.0
geometry_inline,3010,full_state,3e628eda,completed,0.6923984912250535,74.57359974916373,95.0,69.23984912250535,False,1,1,1.0,0,False,0,False,False,0,0,0.11098833379735042,0.11082778156742083,0.11088142755311256,0.15608311311633521,0.15597290092306904,0.15600971749332693,348,694,1.0,0.9942528735632183,3.2152140282536226,5.493094750160032,347,0.0
geometry_flanking,3001,position_only,dc2328da,completed,0.7080881928749334,76.2634323323512,95.0,70.80881928749334,False,1,1,1.0,0,False,0,False,False,0,0,0.05705738167744768,0.05685968540982262,0.05692578701005112,0.17244317497163283,0.1723706164161459,0.17239485242038646,348,694,1.0,0.9942528735632183,3.5850350009924616,5.548992843336419,347,0.0
geometry_flanking,3001,full_state,3e628eda,completed,0.7080881928749334,76.2634323323512,95.0,70.80881928749334,False,1,1,1.0,0,False,0,False,False,0,0,0.05704554412925933,0.056847771232863234,0.056913898500211384,0.17203078524816187,0.1719568579470632,0.1719815512133814,348,694,1.0,0.9942528735632183,3.579148112269186,5.52473422957884,347,0.0
geometry_flanking,3002,position_only,dc2328da,completed,0.7080881928749334,76.2634323323512,95.0,70.80881928749334,False,1,1,1.0,0,False,0,False,False,0,0,0.07578195358655439,0.07515166714715701,0.07536275214647803,0.17840115802601914,0.17842054559703863,0.17841407090359943,348,694,1.0,0.9942528735632183,5.294777115659573,5.811094240909223,347,0.0
geometry_flanking,3002,full_state,3e628eda,completed,0.7080881928749334,76.2634323323512,95.0,70.80881928749334,False,1,1,1.0,0,False,0,False,False,0,0,0.07578757384050995,0.07515726866290347,0.07536835991151855,0.17840655787260803,0.17842593052551792,0.1784194608139589,348,694,1.0,0.9942528735632183,5.3015732066034005,5.804327766971664,347,0.0
geometry_flanking,3003,position_only,dc2328da,completed,0.7080881928749334,76.2634323323512,95.0,70.80881928749334,False,1,1,1.0,0,False,0,False,False,0,0,0.07458780370350347,0.07456336754183811,0.07457150600127656,0.1655477206571195,0.16541441707406349,0.16545882088556024,347,695,1.0,0.9913793103448276,5.084011721549002,5.54245824528987,346,0.0
geometry_flanking,3003,full_state,3e628eda,completed,0.7080881928749334,76.2634323323512,95.0,70.80881928749334,False,1,1,1.0,0,False,0,False,False,0,0,0.07451497108889578,0.07458243068998588,0.07455990778416902,0.1654060118648837,0.16541116560989363,0.16540944441540775,348,694,1.0,0.9942528735632183,5.090521111451423,5.577715335270114,347,0.0
geometry_flanking,3004,position_only,dc2328da,completed,0.7080881928749334,76.2634323323512,95.0,70.80881928749334,False,1,1,1.0,0,False,0,False,False,0,0,0.07457306716782841,0.07409081896298549,0.07425222524689805,0.1585299125029682,0.15829798398740935,0.1583754796534236,348,694,1.0,0.9942528735632183,4.685184556283027,5.449173080982417,347,0.0
geometry_flanking,3004,full_state,3e628eda,completed,0.7080881928749334,76.2634323323512,95.0,70.80881928749334,False,1,1,1.0,0,False,0,False,False,0,0,0.07456946324562796,0.07408716510595638,0.0742485881559699,0.15848810298769164,0.15825696507783027,0.15833419645547614,348,694,1.0,0.9942528735632183,4.682665360111402,5.427463709548605,347,0.0
geometry_flanking,3005,position_only,dc2328da,completed,0.7080881928749334,76.2634323323512,95.0,70.80881928749334,False,1,1,1.0,0,False,0,False,False,0,0,0.06581427944604436,0.06569577935151977,0.06573537895692062,0.1563270725885962,0.15653091503422942,0.15646286667089296,348,694,1.0,0.9942528735632183,3.977125231391638,5.669276177727799,347,0.0
geometry_flanking,3005,full_state,3e628eda,completed,0.7080881928749334,76.2634323323512,95.0,70.80881928749334,False,1,1,1.0,0,False,0,False,False,0,0,0.06583491894674354,0.06571753674307451,0.06575676254925021,0.15680426238364686,0.1570083074031582,0.15694019135431275,348,694,1.0,0.9942528735632183,3.985175223267662,5.651814749415318,347,0.0
geometry_flanking,3006,position_only,dc2328da,completed,0.7080881928749334,76.2634323323512,95.0,70.80881928749334,False,1,1,1.0,0,False,0,False,False,0,0,0.07006528125633428,0.0697001052221324,0.0698222766194169,0.16139761061009014,0.16153269215984928,0.16148759111890384,348,694,1.0,0.9942528735632183,4.476675003077764,5.684847326107016,347,0.0
geometry_flanking,3006,full_state,3e628eda,completed,0.7080881928749334,76.2634323323512,95.0,70.80881928749334,False,1,1,1.0,0,False,0,False,False,0,0,0.07007120551887222,0.06970607791125552,0.06982823306091371,0.16122606159514194,0.16136079014406046,0.16131580694362807,348,694,1.0,0.9942528735632183,4.4816730970942995,5.671905535618796,347,0.0
geometry_flanking,3007,position_only,dc2328da,completed,0.7080881928749334,76.2634323323512,95.0,70.80881928749334,False,1,1,1.0,0,False,0,False,False,0,0,0.06768105814286236,0.06761901651725259,0.06763974308209864,0.15524620741217612,0.15522252880201384,0.15523043722323707,348,694,1.0,0.9942528735632183,3.5109231740121296,5.771934687436213,347,0.0
geometry_flanking,3007,full_state,3e628eda,completed,0.7080881928749334,76.2634323323512,95.0,70.80881928749334,False,1,1,1.0,0,False,0,False,False,0,0,0.06767187841275778,0.06760980369016012,0.06763054131612724,0.15515374495681655,0.15512976332959677,0.15513777296096795,348,694,1.0,0.9942528735632183,3.509882985331373,5.8059480943902955,347,0.0
geometry_flanking,3008,position_only,dc2328da,completed,0.7080881928749334,76.2634323323512,95.0,70.80881928749334,False,1,1,1.0,0,False,0,False,False,0,0,0.06407726584755022,0.06404107779127338,0.06405316590350335,0.1580468307265069,0.1582594561426782,0.1581884767527042,348,694,1.0,0.9942528735632183,4.29456117094765,5.659410768788969,347,0.0
geometry_flanking,3008,full_state,3e628eda,completed,0.7080881928749334,76.2634323323512,95.0,70.80881928749334,False,1,1,1.0,0,False,0,False,False,0,0,0.06406369990583427,0.06402746519069669,0.06403956889208375,0.1578304749218374,0.15804276846004495,0.15797189985268648,348,694,1.0,0.9942528735632183,4.290073931503013,5.6369656928487695,347,0.0
geometry_flanking,3009,position_only,dc2328da,completed,0.7080881928749334,76.2634323323512,95.0,70.80881928749334,False,1,1,1.0,0,False,0,False,False,0,0,0.06861848482441953,0.06852264249873367,0.06855466616231601,0.16635395047538445,0.16621029905888243,0.166258288576034,348,694,1.0,0.9942528735632183,4.9234325247048485,5.759976481426551,347,0.0
geometry_flanking,3009,full_state,3e628eda,completed,0.7080881928749334,76.2634323323512,95.0,70.80881928749334,False,1,1,1.0,0,False,0,False,False,0,0,0.06861220794878453,0.06851622328530091,0.06854829453156835,0.16650552346511127,0.16636288176295524,0.1664105338568209,348,694,1.0,0.9942528735632183,4.928076202836391,5.743630146291137,347,0.0
geometry_flanking,3010,position_only,dc2328da,completed,0.7080881928749334,76.2634323323512,95.0,70.80881928749334,False,1,1,1.0,0,False,0,False,False,0,0,0.08972473200204793,0.08961393888453355,0.08965095603665527,0.16109269531831547,0.16115432159843562,0.16113374269817188,348,694,1.0,0.9942528735632183,4.462138053483378,5.674692538717585,347,0.0
geometry_flanking,3010,full_state,3e628eda,completed,0.7080881928749334,76.2634323323512,95.0,70.80881928749334,False,1,1,1.0,0,False,0,False,False,0,0,0.08972473200204793,0.08961393888453355,0.08965095603665527,0.16109269531831547,0.16115432159843562,0.16113374269817188,348,694,1.0,0.9942528735632183,4.462138053483378,5.674692538717585,347,0.0
multi_uav_crossing,3001,position_only,dc2328da,completed,0.45392755843912175,47.39142842945838,95.00000000000001,45.39275584391218,False,3,3,0.8915032679738563,1,True,1,True,False,0,0,9.39724479812301,26.761829122287885,25.994906425705985,0.8794622321618047,2.4194769347315073,2.3508493197180513,538,7811,0.8943355119825709,0.5620915032679739,36691.63320261309,10.567137287701112,535,0.5576756287944492
multi_uav_crossing,3001,full_state,3e628eda,completed,0.45392755843912175,47.39142842945838,95.00000000000001,45.39275584391218,False,3,3,1.0,0,False,0,False,False,0,0,0.13491598593962364,0.1590715228595486,0.15761014645350066,0.25404562180113666,0.2843864880735633,0.2825084873134586,670,9611,1.0,0.7037037037037037,16.570424672200108,6.104340358052549,667,0.5576756287944492
multi_uav_crossing,3002,position_only,dc2328da,completed,0.45392755843912175,47.39142842945838,95.00000000000001,45.39275584391218,False,3,3,0.8312937062937062,1,True,1,True,False,0,0,0.0827130822213174,13.476001054975834,12.753213549656818,0.5828434342271279,2.9960162482250534,2.841565384964056,895,7678,0.8259541984732824,0.4351145038167939,68243.72399594879,7.581734826530732,892,0.007805724197745013
multi_uav_crossing,3002,full_state,3e628eda,completed,0.45392755843912175,47.39142842945838,95.00000000000001,45.39275584391218,False,3,3,1.0,0,False,0,False,False,0,0,0.07002945122096704,0.07809332763100772,0.07703749083592842,0.15678539169962985,0.1689917398696224,0.16737057127020635,1409,8866,1.0,0.6849872773536895,8.665360006947937,5.933709424590242,1406,0.007805724197745013
multi_uav_crossing,3003,position_only,dc2328da,completed,0.45392755843912175,47.39142842945838,95.00000000000001,45.39275584391218,False,3,3,0.8328030083887764,1,True,1,True,False,0,0,0.07535182134310452,13.058705452312392,12.277557142393876,0.4939776389194638,2.9478653193944604,2.776627790841238,995,7578,0.8360737419033383,0.4773293472845042,60390.73683996645,8.231249472823194,992,0.0005782017924255566
multi_uav_crossing,3003,full_state,3e628eda,completed,0.45392755843912175,47.39142842945838,95.00000000000001,45.39275584391218,False,3,3,1.0,0,False,0,False,False,0,0,0.06199898647339694,0.06321576463086111,0.06304436853001874,0.14540477530735918,0.14521445584966988,0.14524150337467417,1459,8813,1.0,0.698555057299452,4.472548045623093,5.927244378452932,1456,0.0005782017924255566
multi_uav_crossing,3004,position_only,dc2328da,completed,0.45392755843912175,47.39142842945838,95.00000000000001,45.39275584391218,False,3,3,0.8132471728594507,1,True,1,True,False,0,0,0.0928046115259638,13.718470966116483,13.009964151203553,0.563397287295236,2.9836223679887586,2.835161095134853,863,7713,0.8195569962182604,0.44462452728255,71389.56863930027,7.662374627389492,860,0.10523272622145129
multi_uav_crossing,3004,full_state,3e628eda,completed,0.45392755843912175,47.39142842945838,95.00000000000001,45.39275584391218,False,3,3,1.0,0,False,0,False,False,0,0,0.07215407360179706,0.07517470266970656,0.07477772763799626,0.15333436587942012,0.1611918722623177,0.1601631734894879,1374,8898,1.0,0.7077255537547272,18.942896070670695,5.743196170613804,1371,0.10523272622145129
multi_uav_crossing,3005,position_only,dc2328da,completed,0.45392755843912175,47.39142842945838,95.00000000000001,45.39275584391218,False,3,3,0.8326105810928014,1,True,1,True,False,0,0,0.08557883060135585,13.756221117016683,12.904958126270484,0.5747100303266081,3.0086444338183354,2.8294650561186,1028,7543,0.8345570239843368,0.4767498776309349,64108.489304810166,7.747758593346998,1025,0.0
multi_uav_crossing,3005,full_state,3e628eda,completed,0.45392755843912175,47.39142842945838,95.00000000000001,45.39275584391218,False,3,3,1.0,0,False,0,False,False,0,0,0.07031503906887336,0.0705134924654095,0.07048357194908637,0.1443121412554555,0.14432912976607307,0.14432656549713987,1551,8724,1.0,0.7209985315712188,4.704912827006553,5.924336496890392,1548,0.0
multi_uav_crossing,3006,position_only,dc2328da,completed,0.45392755843912175,47.39142842945838,95.00000000000001,45.39275584391218,False,3,3,1.0,0,False,0,False,False,0,0,0.07501062922108091,0.07475199733527317,0.07478974498078562,0.1431872386027861,0.14325952340927253,0.1432489911826172,1497,8775,1.0,0.6939655172413793,4.934095245361123,5.780957495624478,1494,0.0
multi_uav_crossing,3006,full_state,3e628eda,completed,0.45392755843912175,47.39142842945838,95.00000000000001,45.39275584391218,False,3,3,1.0,0,False,0,False,False,0,0,0.07503165667932987,0.07474929113603966,0.074790480789919,0.1432232759456865,0.14326662613491162,0.1432603134888754,1496,8776,1.0,0.6934865900383143,4.9354428652214235,5.787277973086799,1493,0.0
multi_uav_crossing,3007,position_only,dc2328da,completed,0.45392755843912175,47.39142842945838,95.00000000000001,45.39275584391218,False,3,3,0.8326105810928014,1,True,1,True,False,0,0,0.07686395461119351,13.593627759943656,12.736039730759506,0.5818091553753703,3.006230205676027,2.8239019100374874,1047,7521,0.8323586744639376,0.49122807017543857,65660.83815915989,7.159070664467078,1044,0.0
multi_uav_crossing,3007,full_state,3e628eda,completed,0.45392755843912175,47.39142842945838,95.00000000000001,45.39275584391218,False,3,3,1.0,0,False,0,False,False,0,0,0.06268105495474777,0.0642256104813213,0.06399523021065416,0.14265198003158178,0.14486281894630426,0.14453180767170318,1548,8724,1.0,0.7266081871345028,4.190556297735361,5.8804495538458275,1545,0.0
multi_uav_crossing,3008,position_only,dc2328da,completed,0.45392755843912175,47.39142842945838,95.00000000000001,45.39275584391218,False,3,3,0.8328996819890142,1,True,1,True,False,0,0,0.06345777123975498,13.655929726122546,12.82578571920444,0.45127397588984364,2.9715542091214875,2.795207101941843,1011,7565,0.8409961685823756,0.4602490421455938,68613.81364590801,6.3470573102598955,1008,0.0
multi_uav_crossing,3008,full_state,3e628eda,completed,0.45392755843912175,47.39142842945838,95.00000000000001,45.39275584391218,False,3,3,1.0,0,False,0,False,False,0,0,0.06160610105088466,0.061792193180537275,0.06176490869432217,0.14081924501705437,0.14189188425218313,0.14173492184865824,1508,8764,1.0,0.6810344827586207,4.377212544098381,5.793168125917936,1505,0.0
multi_uav_crossing,3009,position_only,dc2328da,completed,0.45392755843912175,47.39142842945838,95.00000000000001,45.39275584391218,False,3,3,0.8328996819890142,1,True,1,True,True,0,0,0.0856821136092879,13.582800399805354,12.744464227960645,0.48587973141205876,3.0160519405874235,2.8348781250984376,1026,7550,0.8353909465020576,0.45679012345679015,64603.63524723288,7.151269022945809,1023,0.0
multi_uav_crossing,3009,full_state,3e628eda,completed,0.45392755843912175,47.39142842945838,95.00000000000001,45.39275584391218,False,3,3,1.0,0,False,0,False,False,0,0,0.07007284907459797,0.06981235113361949,0.06985136586961561,0.14583449534273485,0.14623106908870445,0.14617183675614095,1536,8736,1.0,0.681755829903978,4.51460710465716,5.8625144202646,1533,0.0
multi_uav_crossing,3010,position_only,dc2328da,completed,0.45392755843912175,47.39142842945838,95.00000000000001,45.39275584391218,False,3,3,0.8326105810928014,1,True,1,True,False,0,0,0.1344997536325502,13.501327941008848,12.702581878982782,0.7044011791160623,2.9914668809070943,2.8245760599264442,984,7585,0.8350266086115142,0.4547653604257378,57544.79841078161,8.50577847249437,981,0.0
multi_uav_crossing,3010,full_state,3e628eda,completed,0.45392755843912175,47.39142842945838,95.00000000000001,45.39275584391218,False,3,3,1.0,0,False,0,False,False,0,0,0.09820542984363947,0.09827194195842737,0.09826250402018402,0.14026794124865932,0.14141098332546165,0.14124930407444364,1458,8814,1.0,0.6748911465892599,5.48758541085766,5.734601545360488,1455,0.0
multi_uav_nonlinear,3001,position_only,dc2328da,completed,0.45289472989165636,50.63517013445748,95.0,45.28947298916564,False,3,3,0.954322058398381,1,True,1,True,False,0,0,0.10986612813237978,0.23207350706909796,0.21800729475536096,0.3501155127863579,0.46334609053064885,0.4480344468191196,1492,8356,0.9586894586894587,0.6661918328584996,44.293600776824384,6.288145432443992,1489,0.0
multi_uav_nonlinear,3001,full_state,3e628eda,completed,0.45289472989165636,50.63517013445748,95.0,45.28947298916564,False,3,3,1.0,0,False,0,False,False,0,0,0.0684931229103831,0.07052983518498078,0.07021929912312903,0.1626959503671743,0.16470110053427242,0.16439317698578487,1587,8694,1.0,0.7065527065527065,4.642644451229623,5.916780207009213,1584,0.0
multi_uav_nonlinear,3002,position_only,dc2328da,completed,0.45289472989165636,50.63517013445748,95.0,45.28947298916564,False,3,3,0.9531656548135299,1,True,1,True,False,0,0,0.10921581179527799,0.24072979294540248,0.22630225417959296,0.37383833696602775,0.5161462393809216,0.4978594454064265,1437,8378,0.9558404558404558,0.650997150997151,48.542100900421005,6.411668516858465,1434,0.0
multi_uav_nonlinear,3002,full_state,3e628eda,completed,0.45289472989165636,50.63517013445748,95.0,45.28947298916564,False,3,3,1.0,0,False,0,False,False,0,0,0.07600245311765227,0.07629552722922635,0.0762515752381733,0.1721121397368891,0.1718582191960467,0.17189638560020243,1543,8729,1.0,0.6984805318138653,5.7089064016712925,5.928942981510144,1540,0.0
multi_uav_nonlinear,3003,position_only,dc2328da,completed,0.45289472989165636,50.63517013445748,95.0,45.28947298916564,False,3,3,0.9566348655680833,1,True,1,True,False,0,0,0.10860316011244064,0.23341558282242741,0.21897273925629393,0.3416391777442387,0.47369232032787695,0.4559661089786531,1509,8350,0.960919540229885,0.6671264367816092,42.487222841755596,6.387496748586988,1506,0.0
multi_uav_nonlinear,3003,full_state,3e628eda,completed,0.45289472989165636,50.63517013445748,95.0,45.28947298916564,False,3,3,1.0,0,False,0,False,False,0,0,0.06305366335654808,0.0632210571201405,0.06319496363519829,0.15936273839655538,0.16034977441133344,0.1601961426903955,1603,8669,1.0,0.7094252873563218,4.59052708628356,5.988715352015326,1600,0.0
multi_uav_nonlinear,3004,position_only,dc2328da,completed,0.45289472989165636,50.63517013445748,95.0,45.28947298916564,False,3,3,0.9525874530211044,1,True,1,True,True,0,0,0.10464636735945172,0.2404607260663727,0.22577632151771695,0.3542654619901295,0.48355198631815044,0.4669050734120937,1435,8389,0.9565846599131693,0.6695610226724553,48.77153456274922,6.386427153607676,1432,0.0
multi_uav_nonlinear,3004,full_state,3e628eda,completed,0.45289472989165636,50.63517013445748,95.0,45.28947298916564,False,3,3,1.0,0,False,0,False,False,0,0,0.06215998089234671,0.06376122567950493,0.06352418346019244,0.15851852449929596,0.15982890624742782,0.15963350508580093,1538,8740,1.0,0.7187650747708635,4.77383218365552,5.89015945490187,1535,0.0
multi_uav_nonlinear,3005,position_only,dc2328da,completed,0.45289472989165636,50.63517013445748,95.0,45.28947298916564,False,3,3,0.9476727377854871,1,True,1,True,True,0,0,0.1487560534059704,0.24664121736168826,0.23496929435034955,0.4103023720602659,0.5078219634579382,0.4948525230126825,1419,8351,0.9572649572649573,0.6419753086419754,62.72486929764975,6.609681847419923,1416,0.0
multi_uav_nonlinear,3005,full_state,3e628eda,completed,0.45289472989165636,50.63517013445748,95.0,45.28947298916564,False,3,3,1.0,0,False,0,False,False,0,0,0.0723708428738257,0.07255016174427621,0.07252363752869358,0.15954467881738854,0.1597844377097441,0.15974895872443165,1521,8751,1.0,0.6866096866096866,5.032256000069661,5.982016601140174,1518,0.0
multi_uav_nonlinear,3006,position_only,dc2328da,completed,0.45289472989165636,50.63517013445748,95.0,45.28947298916564,False,3,3,0.9534547557097427,1,True,1,True,False,0,0,0.13180014370552678,0.23913514242748202,0.22624795775220266,0.35160581002097047,0.48356506039526,0.46608344975293803,1480,8345,0.956338028169014,0.6615023474178403,47.01232834596306,6.332647847184525,1477,0.0
multi_uav_nonlinear,3006,full_state,3e628eda,completed,0.45289472989165636,50.63517013445748,95.0,45.28947298916564,False,3,3,1.0,0,False,0,False,False,0,0,0.07191171522835359,0.07259645924370015,0.07249148900616156,0.16290674529291832,0.16338392090637563,0.1633105678959375,1581,8691,1.0,0.7056338028169012,5.432376561712146,5.900275259464225,1578,0.0
multi_uav_nonlinear,3007,position_only,dc2328da,completed,0.45289472989165636,50.63517013445748,95.0,45.28947298916564,False,3,3,0.9534547557097427,1,True,1,True,True,0,0,0.12764941641634167,0.24098414771419838,0.22792821980953615,0.37342743511276993,0.48339947066094835,0.46890029816997647,1440,8387,0.9568798449612403,0.6623062015503876,49.36439886927006,6.646021785333078,1437,0.0
multi_uav_nonlinear,3007,full_state,3e628eda,completed,0.45289472989165636,50.63517013445748,95.0,45.28947298916564,False,3,3,1.0,0,False,0,False,False,0,0,0.07208726185012186,0.07027270387377083,0.07054736392655611,0.15836026300410183,0.15798356540476405,0.158040024516504,1538,8734,1.0,0.7078488372093025,4.639292719898942,6.041466427363264,1535,0.0
multi_uav_nonlinear,3008,position_only,dc2328da,completed,0.45289472989165636,50.63517013445748,95.0,45.28947298916564,False,3,3,0.9575021682567216,1,True,1,True,False,0,0,0.12440183508612274,0.2332976829332075,0.22043216266818352,0.35179979089842917,0.46864775381663243,0.45306035738833633,1479,8390,0.9623883403855196,0.6586741889985895,43.72692420494261,6.277368800901093,1476,0.0
multi_uav_nonlinear,3008,full_state,3e628eda,completed,0.45289472989165636,50.63517013445748,95.0,45.28947298916564,False,3,3,1.0,0,False,0,False,False,0,0,0.06433578993527392,0.06446207181998032,0.06444283572098831,0.15915910164090286,0.15948610855117076,0.15943629860889277,1566,8706,1.0,0.6981664315937941,4.954221465254998,5.8749617061356725,1563,0.0
multi_uav_nonlinear,3009,position_only,dc2328da,completed,0.45289472989165636,50.63517013445748,95.0,45.28947298916564,False,3,3,0.9540329575021682,1,True,1,True,False,0,0,0.11505258887792627,0.2349707402955103,0.22139437962114272,0.3711412849169592,0.4920840064271639,0.4761681760049919,1451,8379,0.9560542309490416,0.6554464703132304,46.382698618403666,6.363903757175543,1448,0.0
multi_uav_nonlinear,3009,full_state,3e628eda,completed,0.45289472989165636,50.63517013445748,95.0,45.28947298916564,False,3,3,1.0,0,False,0,False,False,0,0,0.0672191279275289,0.06780249984899181,0.06771490678361733,0.16009716318803902,0.16173645817520235,0.16149047980451844,1548,8724,1.0,0.6984572230014026,4.870994725563905,5.909163563589405,1545,0.0
multi_uav_nonlinear,3010,position_only,dc2328da,completed,0.45289472989165636,50.63517013445748,95.0,45.28947298916564,False,3,3,0.9485400404741254,1,True,1,True,False,0,0,0.14400387979878332,0.25384458275001615,0.2408176229706307,0.3884073100252812,0.500047582933593,0.4852025701408566,1442,8337,0.9497847919655668,0.6714490674318507,66.4782180219214,6.488092375577234,1439,0.0
multi_uav_nonlinear,3010,full_state,3e628eda,completed,0.45289472989165636,50.63517013445748,95.0,45.28947298916564,False,3,3,1.0,0,False,0,False,False,0,0,0.07842047612893767,0.07952515044703377,0.07936050444122258,0.1624701207927598,0.16367439382151738,0.1634944001686874,1541,8737,1.0,0.7168818747011,5.7952108141860625,5.897989414697255,1538,0.0
visual_occlusion,3001,position_only,dc2328da,completed,0.606932736749943,60.84481766539115,95.0,60.693273674994295,False,1,1,1.0,0,False,0,False,False,0,0,0.19791015637913145,0.20278104021689744,0.20011555962076558,0.20004801297778946,0.18973691112786337,0.19547779562654555,345,282,1.0,0.9884393063583815,8.627653680064908,5.564098374355128,344,0.0
visual_occlusion,3001,full_state,3e628eda,completed,0.606932736749943,60.84481766539115,95.0,60.693273674994295,False,1,1,1.0,0,False,0,False,False,0,0,0.19800969026602125,0.2028945231824813,0.20022144360339586,0.19922156086216314,0.18867845096806848,0.19455039475468675,345,282,1.0,0.9884393063583815,8.62520073996499,5.499611235382292,344,0.0
visual_occlusion,3002,position_only,dc2328da,completed,0.606932736749943,60.84481766539115,95.0,60.693273674994295,False,1,1,1.0,0,False,0,False,False,0,0,0.2333377403108095,0.2528633852573656,0.24225188070986725,0.19449035024270342,0.19077069402848618,0.1928381261033016,347,280,1.0,0.9913544668587896,11.114640287437883,5.972248758415595,346,0.0
visual_occlusion,3002,full_state,3e628eda,completed,0.606932736749943,60.84481766539115,95.0,60.693273674994295,False,1,1,1.0,0,False,0,False,False,0,0,0.23347518397643635,0.2529799540037271,0.24237948401336254,0.19548406845869978,0.19221632878594103,0.1940315914563313,347,280,1.0,0.9913544668587896,11.155812192898342,5.839861715458091,346,0.0
visual_occlusion,3003,position_only,dc2328da,completed,0.606932736749943,60.84481766539115,95.0,60.693273674994295,False,1,1,1.0,0,False,0,False,False,0,0,0.12462411874781683,0.12451867897294444,0.12457721159066217,0.1997295551942379,0.18846060231640915,0.19479565931354528,348,279,1.0,0.9942528735632183,4.946805575672108,5.666183289296339,347,0.0
visual_occlusion,3003,full_state,3e628eda,completed,0.606932736749943,60.84481766539115,95.0,60.693273674994295,False,1,1,1.0,0,False,0,False,False,0,0,0.12461404455165366,0.12450655622758976,0.12456622627250072,0.19974287479566735,0.18847814891144254,0.19481079316673522,348,279,1.0,0.9942528735632183,4.946719045566922,5.665505816022236,347,0.0
visual_occlusion,3004,position_only,dc2328da,completed,0.606932736749943,60.84481766539115,95.0,60.693273674994295,False,1,1,1.0,0,False,0,False,False,0,0,0.1585088115387017,0.15732369699766027,0.15797500419373123,0.19115485386922723,0.18179647101298446,0.18698889544452652,344,283,1.0,0.9827089337175793,7.495853921011676,5.407504496913855,343,0.0
visual_occlusion,3004,full_state,3e628eda,completed,0.606932736749943,60.84481766539115,95.0,60.693273674994295,False,1,1,1.0,0,False,0,False,False,0,0,0.1586603129887212,0.15762579829099455,0.15819256715600308,0.19143753222360135,0.18241973162952496,0.1874066826568048,343,284,1.0,0.9798270893371758,7.517024100175481,5.35749520182186,342,0.0
visual_occlusion,3005,position_only,dc2328da,completed,0.606932736749943,60.84481766539115,95.0,60.693273674994295,False,1,1,1.0,0,False,0,False,False,0,0,0.13459188290915244,0.14487637107075077,0.13926205449484522,0.19827889029369122,0.20590166078200914,0.2017064172508546,348,279,1.0,0.9942528735632183,4.961174602698198,5.727180904513925,347,0.0
visual_occlusion,3005,full_state,3e628eda,completed,0.606932736749943,60.84481766539115,95.0,60.693273674994295,False,1,1,1.0,0,False,0,False,False,0,0,0.1345848837111975,0.14487463937238937,0.13925749844564117,0.1982685774331648,0.20579994722530276,0.20165459407771222,348,279,1.0,0.9942528735632183,4.959123425791967,5.707413623967052,347,0.0
visual_occlusion,3006,position_only,dc2328da,completed,0.606932736749943,60.84481766539115,95.0,60.693273674994295,False,1,1,1.0,0,False,0,False,False,0,0,0.14381060314083627,0.15117960461443858,0.14717055414017557,0.1931190375538788,0.195301925382473,0.1941038524871174,345,282,1.0,0.9884393063583815,6.606595601794096,5.732924670196397,344,0.0
visual_occlusion,3006,full_state,3e628eda,completed,0.606932736749943,60.84481766539115,95.0,60.693273674994295,False,1,1,1.0,0,False,0,False,False,0,0,0.14371652072664753,0.1510757694463287,0.1470719950414077,0.19343601970931465,0.19566911780581103,0.1944435530472929,345,282,1.0,0.9884393063583815,6.590678291627977,5.701622790478771,344,0.0
visual_occlusion,3007,position_only,dc2328da,completed,0.606932736749943,60.84481766539115,95.0,60.693273674994295,False,1,1,1.0,0,False,0,False,False,0,0,0.22638958458276545,0.24553975762402122,0.2351036537590067,0.1775091494641241,0.1722977321719316,0.1752093358513741,348,279,1.0,0.9942363112391931,11.172642813479026,5.768813636183139,347,0.0
visual_occlusion,3007,full_state,3e628eda,completed,0.606932736749943,60.84481766539115,95.0,60.693273674994295,False,1,1,1.0,0,False,0,False,False,0,0,0.22643206994324275,0.24555862782055526,0.23513513002264635,0.17726956579066927,0.17256029968886852,0.17518968779762145,348,279,1.0,0.9942363112391931,11.174757320734026,5.766112771814108,347,0.0
visual_occlusion,3008,position_only,dc2328da,completed,0.606932736749943,60.84481766539115,95.0,60.693273674994295,False,1,1,1.0,0,False,0,False,False,0,0,0.14055580881273821,0.13660642640652065,0.13879972702299456,0.1958363973750035,0.1908409861147674,0.19361356284326472,346,281,1.0,0.9942028985507246,6.937526485258457,5.650977992981283,345,0.0
visual_occlusion,3008,full_state,3e628eda,completed,0.606932736749943,60.84481766539115,95.0,60.693273674994295,False,1,1,1.0,0,False,0,False,False,0,0,0.1405928125521758,0.13664899940574907,0.13883918360886296,0.19614643429616607,0.1912285569021164,0.1939578294391747,346,281,1.0,0.9942028985507246,6.967148236688915,5.604508408224461,345,0.0
visual_occlusion,3009,position_only,dc2328da,completed,0.606932736749943,60.84481766539115,95.0,60.693273674994295,False,1,1,1.0,0,False,0,False,False,0,0,0.1560927957754706,0.15677691793466395,0.15640085736285886,0.21435663433445298,0.21529352503427754,0.21477851671016568,345,282,1.0,0.9884393063583815,6.70541199577772,6.14375533023,344,0.0
visual_occlusion,3009,full_state,3e628eda,completed,0.606932736749943,60.84481766539115,95.0,60.693273674994295,False,1,1,1.0,0,False,0,False,False,0,0,0.1560927957754706,0.15677691793466395,0.15640085736285886,0.21435663433445298,0.21529352503427754,0.21477851671016568,345,282,1.0,0.9884393063583815,6.70541199577772,6.14375533023,344,0.0
visual_occlusion,3010,position_only,dc2328da,completed,0.606932736749943,60.84481766539115,95.0,60.693273674994295,False,1,1,1.0,0,False,0,False,False,0,0,0.28338483576235374,0.2978584963756463,0.289983923611842,0.19540683139350343,0.19173262100531502,0.19376293696417002,345,282,1.0,0.9884393063583815,12.995152267093069,5.687806726587298,344,0.0
visual_occlusion,3010,full_state,3e628eda,completed,0.606932736749943,60.84481766539115,95.0,60.693273674994295,False,1,1,1.0,0,False,0,False,False,0,0,0.2833354730898413,0.2978026472336461,0.2899315795834661,0.19581945330446246,0.19224427393011234,0.1942196214614426,345,282,1.0,0.9884393063583815,12.980676420948148,5.669353239455606,344,0.0
extreme_dense_swarm_crossing,3001,position_only,dc2328da,completed,0.40713332542181724,41.51961541919535,94.99999999999999,40.713332542181725,False,5,5,1.0,0,False,0,False,False,0,0,0.06435682370657658,0.07914722713237388,0.07845358938930895,0.17690063404054798,0.1831244077787467,0.1828090297684243,1720,31675,1.0,0.592057761732852,5.024957371312441,5.965077366961713,1715,0.06082581027083025
extreme_dense_swarm_crossing,3001,full_state,3e628eda,completed,0.40713332542181724,41.51961541919535,94.99999999999999,40.713332542181725,False,5,5,1.0,0,False,0,False,False,0,0,0.06436293444228645,0.07863447801672327,0.07796365651972535,0.17722709018966806,0.18309641576704178,0.18279889424878953,1719,31676,1.0,0.591696750902527,5.031499200358312,5.9404269931102744,1714,0.06082581027083025
extreme_dense_swarm_crossing,3002,position_only,dc2328da,completed,0.40713332542181724,41.51961541919535,94.99999999999999,40.713332542181725,False,5,5,1.0,0,False,0,False,False,0,0,0.073955424461125,0.07511188825182416,0.0750579286890925,0.20699981973278034,0.21159760803865788,0.21138373259248094,1569,31811,1.0,0.6020790020790021,7.120934343109367,6.200060558968871,1564,0.2145922746781116
extreme_dense_swarm_crossing,3002,full_state,3e628eda,completed,0.40713332542181724,41.51961541919535,94.99999999999999,40.713332542181725,False,5,5,1.0,0,False,0,False,False,0,0,0.07351044007694704,0.07482300026576329,0.07476182056016448,0.20693913655016413,0.21169711542397562,0.21147586810295507,1569,31811,1.0,0.6020790020790021,6.996987409851007,6.193611003816783,1564,0.2145922746781116
extreme_dense_swarm_crossing,3003,position_only,dc2328da,completed,0.40713332542181724,41.51961541919535,94.99999999999999,40.713332542181725,False,5,5,1.0,0,False,0,False,False,0,0,0.20548365282419617,0.19133862295739193,0.19205848153109892,0.4737019321900252,0.4887914048084447,0.4880603680381774,1643,31772,1.0,0.6530526315789473,19.384064147847134,7.049069244144595,1638,0.2734941542104484
extreme_dense_swarm_crossing,3003,full_state,3e628eda,completed,0.40713332542181724,41.51961541919535,94.99999999999999,40.713332542181725,False,5,5,1.0,0,False,0,False,False,0,0,0.20176359477316164,0.18287859890940963,0.18385428996284314,0.31768294766968985,0.32942786758262244,0.3288591432658304,1646,31769,1.0,0.6538947368421052,318.51357683985583,6.406780116047672,1641,0.2734941542104484
extreme_dense_swarm_crossing,3004,position_only,dc2328da,completed,0.40713332542181724,41.51961541919535,94.99999999999999,40.713332542181725,False,5,5,1.0,0,False,0,False,False,0,0,0.07932069445713719,0.12004736250770941,0.11856806307426616,0.21997117008417774,0.2308837693231111,0.23042011097882084,1452,31948,1.0,0.6210280373831776,9.199243825577792,6.0636824787689205,1447,0.23383158206304572
extreme_dense_swarm_crossing,3004,full_state,3e628eda,completed,0.40713332542181724,41.51961541919535,94.99999999999999,40.713332542181725,False,5,5,1.0,0,False,0,False,False,0,0,0.079380983144143,0.12073358521242915,0.11923338498128677,0.22045839560068722,0.2324545700814478,0.2319456093264454,1453,31947,1.0,0.6214953271028038,9.248125911181535,6.102793175853835,1448,0.23383158206304572
extreme_dense_swarm_crossing,3005,position_only,dc2328da,completed,0.40713332542181724,41.51961541919535,94.99999999999999,40.713332542181725,False,5,5,1.0,0,False,0,False,False,0,0,0.09568932684056206,0.128287044373989,0.12698006836447728,0.22294893094308785,0.32357657874167856,0.3196697576521487,1526,31869,1.0,0.6478555304740407,5.413201562544847,5.988389754226023,1521,0.4056533964777268
extreme_dense_swarm_crossing,3005,full_state,3e628eda,completed,0.40713332542181724,41.51961541919535,94.99999999999999,40.713332542181725,False,5,5,1.0,0,False,0,False,False,0,0,0.09566045475426845,0.12824781207251781,0.12694038862186927,0.2230893646850737,0.32369461801231864,0.3197856800500062,1527,31868,1.0,0.6483069977426636,5.417141075532326,5.982327079640119,1522,0.4056533964777268
extreme_dense_swarm_crossing,3006,position_only,dc2328da,completed,0.40713332542181724,41.51961541919535,94.99999999999999,40.713332542181725,False,5,5,0.9045280122793553,2,True,2,True,True,0,0,1.9008893423254263,3.9154321779493935,3.8395563196442275,4.798652743280229,5.42332223968108,5.3936781491950105,1520,28748,0.9172661870503598,0.5043165467625899,11578.86587073864,23.631496781180374,1515,0.03581471067041587
extreme_dense_swarm_crossing,3006,full_state,3e628eda,completed,0.40713332542181724,41.51961541919535,94.99999999999999,40.713332542181725,False,5,5,1.0,0,False,0,False,False,0,0,0.06947317867564234,0.07432359008616843,0.07407047836829606,0.1732236446174281,0.17626722778668127,0.1761046651100573,1800,31625,1.0,0.5920863309352518,880.5943872294206,5.96312095375666,1795,0.03581471067041587
extreme_dense_swarm_crossing,3007,position_only,dc2328da,completed,0.40713332542181724,41.51961541919535,94.99999999999999,40.713332542181725,False,5,5,1.0,0,False,0,False,False,0,0,0.05731066927710328,0.06663648560462732,0.0661631819104509,0.16982397466830854,0.17886838648442133,0.17838837041944036,1817,31598,1.0,0.5689822294022617,5.015643149899856,5.94155207305195,1812,0.0
extreme_dense_swarm_crossing,3007,full_state,3e628eda,completed,0.40713332542181724,41.51961541919535,94.99999999999999,40.713332542181725,False,5,5,1.0,0,False,0,False,False,0,0,0.057312365818087685,0.0665427516017295,0.06607399337160191,0.17008646736947203,0.17903244738504598,0.17855751756208185,1817,31598,1.0,0.5689822294022617,5.028081578916621,5.937777314136258,1812,0.0
extreme_dense_swarm_crossing,3008,position_only,dc2328da,completed,0.40713332542181724,41.51961541919535,94.99999999999999,40.713332542181725,False,5,5,1.0,0,False,0,False,False,0,0,0.06942463513751479,0.09152279533569084,0.09049226144658282,0.19437255843831958,0.21936109033334972,0.2181147491664194,1762,31648,1.0,0.5941499085923218,27.818782695757776,6.0429662236929,1757,0.06926150658576291
extreme_dense_swarm_crossing,3008,full_state,3e628eda,completed,0.40713332542181724,41.51961541919535,94.99999999999999,40.713332542181725,False,5,5,0.8436953410717125,2,True,2,True,False,0,0,2.1149130558993976,4.175160123087316,4.101621781513079,1.730448458842663,1.8627587682457474,1.8567554679972271,1360,27596,0.846800731261426,0.463254113345521,3056.060813417961,19.00278888889214,1355,0.06926150658576291
extreme_dense_swarm_crossing,3009,position_only,dc2328da,completed,0.40713332542181724,41.51961541919535,94.99999999999999,40.713332542181725,False,5,5,0.792156862745098,2,True,2,True,True,0,0,0.19214933530524606,8.621738815431977,8.440774007732905,0.27300664498583105,2.011669022750518,1.9702104005889616,1156,26660,0.8399193548387096,0.442741935483871,24821.495971905293,6.116822417416958,1151,0.16974988900399585
extreme_dense_swarm_crossing,3009,full_state,3e628eda,completed,0.40713332542181724,41.51961541919535,94.99999999999999,40.713332542181725,False,5,5,1.0,0,False,0,False,False,0,0,0.07070780738640076,0.0809867415945314,0.08054114336922713,0.18990624484648855,0.1920257442905834,0.19192842188055292,1542,31863,1.0,0.5826612903225806,7.831445085828922,6.025849188157712,1537,0.16974988900399585
extreme_dense_swarm_crossing,3010,position_only,dc2328da,completed,0.40713332542181724,41.51961541919535,94.99999999999999,40.713332542181725,False,5,5,1.0,0,False,0,False,False,0,0,0.06563847726980292,0.06743516793443412,0.06734111789848898,0.20045202622791744,0.19931756904150513,0.19937787548021138,1771,31634,1.0,0.5785837651122625,24.278655280697162,6.087845656408175,1766,0.044990380346307535
extreme_dense_swarm_crossing,3010,full_state,3e628eda,completed,0.40713332542181724,41.51961541919535,94.99999999999999,40.713332542181725,False,5,5,1.0,0,False,0,False,False,0,0,0.06566584325151548,0.06746755880220244,0.06737324853008202,0.19948038123792,0.19816476783887918,0.19823473559723348,1771,31634,1.0,0.5785837651122625,23.956730507859923,6.069987606261513,1766,0.044990380346307535
